developed_classifier,timestamp,status
1,1765554979.8663378,start
1,1765555049.2339869,records_sent
2,1765555050.6963518,start
2,1765555116.0663114,records_sent
3,1765555117.33512,start
3,1765555189.0277224,records_sent
4,1765555190.3457816,start
4,1765555284.111852,records_sent
5,1765555285.6302602,start
5,1765555394.229271,records_sent
6,1765555395.7748933,start
6,1765555472.5156507,records_sent
7,1765555474.0048296,start
7,1765555563.850526,records_sent
8,1765555565.4090185,start
8,1765555624.5056117,records_sent
9,1765555625.8365858,start
9,1765555687.3897643,records_sent
10,1765555689.3434362,start
10,1765555753.510848,records_sent
